# time step,rewards
1.0,12.500000
2.0,12.620000
3.0,12.596700
4.0,12.605000
5.0,12.658000
6.0,12.623300
7.0,12.627100
8.0,12.603700
9.0,12.591100
10.0,12.566000
11.0,12.570900
12.0,12.585800
13.0,12.550800
14.0,12.578600
15.0,12.621300
16.0,12.648700
17.0,12.658800
18.0,12.685600
19.0,12.704700
20.0,12.733000
21.0,12.760000
22.0,12.780000
23.0,12.795700
24.0,12.817900
25.0,12.838800
26.0,12.860400
27.0,12.888100
28.0,12.916800
29.0,12.934800
30.0,12.959700
31.0,12.972600
32.0,12.996600
33.0,13.010600
34.0,13.037400
35.0,13.063100
36.0,13.083300
37.0,13.102700
38.0,13.128400
39.0,13.154600
40.0,13.182500
41.0,13.203200
42.0,13.225200
43.0,13.254200
44.0,13.264100
45.0,13.284900
46.0,13.300900
47.0,13.316600
48.0,13.337500
49.0,13.356100
50.0,13.378400
51.0,13.400000
52.0,13.413800
53.0,13.428100
54.0,13.439400
55.0,13.460900
56.0,13.469300
57.0,13.491800
58.0,13.503600
59.0,13.515900
60.0,13.528800
61.0,13.550200
62.0,13.568500
63.0,13.577300
64.0,13.585000
65.0,13.599100
66.0,13.613500
67.0,13.632100
68.0,13.643200
69.0,13.655800
70.0,13.663600
71.0,13.677200
72.0,13.688200
73.0,13.704100
74.0,13.715800
75.0,13.723700
76.0,13.730000
77.0,13.741700
78.0,13.753300
79.0,13.764300
80.0,13.771100
81.0,13.774400
82.0,13.782200
83.0,13.789900
84.0,13.797600
85.0,13.809400
86.0,13.815800
87.0,13.825200
88.0,13.836600
89.0,13.842100
90.0,13.853800
91.0,13.862400
92.0,13.872300
93.0,13.878700
94.0,13.888000
95.0,13.896200
96.0,13.900000
97.0,13.905700
98.0,13.914000
99.0,13.917100
100.0,13.925200
101.0,13.933000
102.0,13.937200
103.0,13.943000
104.0,13.954400
105.0,13.961800
106.0,13.969800
107.0,13.979300
108.0,13.987000
109.0,13.988100
110.0,13.995500
111.0,14.003200
112.0,14.010400
113.0,14.020800
114.0,14.025100
115.0,14.031400
116.0,14.037300
117.0,14.041500
118.0,14.047000
119.0,14.049900
120.0,14.056100
121.0,14.062800
122.0,14.069800
123.0,14.077200
124.0,14.082900
125.0,14.086100
126.0,14.092700
127.0,14.096500
128.0,14.102600
129.0,14.108200
130.0,14.111100
131.0,14.115800
132.0,14.121000
133.0,14.126000
134.0,14.130100
135.0,14.133900
136.0,14.135700
137.0,14.139300
138.0,14.139900
139.0,14.144600
140.0,14.148400
141.0,14.154900
142.0,14.156000
143.0,14.162400
144.0,14.167800
145.0,14.172400
146.0,14.174800
147.0,14.180100
148.0,14.182200
149.0,14.186100
150.0,14.190700
151.0,14.194600
152.0,14.196900
153.0,14.199900
154.0,14.203100
155.0,14.206100
156.0,14.207900
157.0,14.211400
158.0,14.214900
159.0,14.218300
160.0,14.220700
161.0,14.225000
162.0,14.231900
163.0,14.235300
164.0,14.239000
165.0,14.243000
166.0,14.244900
167.0,14.248100
168.0,14.250100
169.0,14.254200
170.0,14.257700
171.0,14.263000
172.0,14.266500
173.0,14.270200
174.0,14.273600
175.0,14.276500
176.0,14.277800
177.0,14.280100
178.0,14.280600
179.0,14.282000
180.0,14.284000
181.0,14.285900
182.0,14.288600
183.0,14.291900
184.0,14.294500
185.0,14.295000
186.0,14.296900
187.0,14.299700
188.0,14.300100
189.0,14.303300
190.0,14.306400
191.0,14.307900
192.0,14.310500
193.0,14.313300
194.0,14.313900
195.0,14.316600
196.0,14.319400
197.0,14.321200
198.0,14.323100
199.0,14.327000
200.0,14.329800
201.0,14.330800
202.0,14.333200
203.0,14.337100
204.0,14.338300
205.0,14.341800
206.0,14.343300
207.0,14.344900
208.0,14.348500
209.0,14.350900
210.0,14.353000
211.0,14.356200
212.0,14.357200
213.0,14.360700
214.0,14.361700
215.0,14.364000
216.0,14.364300
217.0,14.366100
218.0,14.366800
219.0,14.369200
220.0,14.372600
221.0,14.376200
222.0,14.378200
223.0,14.379400
224.0,14.380400
225.0,14.383300
226.0,14.386100
227.0,14.387700
228.0,14.390500
229.0,14.391600
230.0,14.394200
231.0,14.396700
232.0,14.398800
233.0,14.402700
234.0,14.405800
235.0,14.406600
236.0,14.408000
237.0,14.410500
238.0,14.413200
239.0,14.415400
240.0,14.416600
241.0,14.418200
242.0,14.421000
243.0,14.423100
244.0,14.426200
245.0,14.427200
246.0,14.429000
247.0,14.430800
248.0,14.432000
249.0,14.434100
250.0,14.435000
251.0,14.436700
252.0,14.439400
253.0,14.440100
254.0,14.441800
255.0,14.443900
256.0,14.445500
257.0,14.447500
258.0,14.449700
259.0,14.451300
260.0,14.452800
261.0,14.454400
262.0,14.455300
263.0,14.455700
264.0,14.457800
265.0,14.460100
266.0,14.462300
267.0,14.464200
268.0,14.465200
269.0,14.468000
270.0,14.469200
271.0,14.470800
272.0,14.472400
273.0,14.472900
274.0,14.473900
275.0,14.474500
276.0,14.475700
277.0,14.476500
278.0,14.477900
279.0,14.480100
280.0,14.481900
281.0,14.482700
282.0,14.483900
283.0,14.485800
284.0,14.487100
285.0,14.490000
286.0,14.491000
287.0,14.494300
288.0,14.496400
289.0,14.498000
290.0,14.498600
291.0,14.500000
292.0,14.501000
293.0,14.501900
294.0,14.504100
295.0,14.505300
296.0,14.506000
297.0,14.507100
298.0,14.508000
299.0,14.509600
300.0,14.511300
301.0,14.512700
302.0,14.513800
303.0,14.515600
304.0,14.515800
305.0,14.516300
306.0,14.517200
307.0,14.518300
308.0,14.519300
309.0,14.519600
310.0,14.520700
311.0,14.522700
312.0,14.524100
313.0,14.526300
314.0,14.526600
315.0,14.528000
316.0,14.529100
317.0,14.530700
318.0,14.533100
319.0,14.534100
320.0,14.534900
321.0,14.536200
322.0,14.537600
323.0,14.538400
324.0,14.539600
325.0,14.540200
326.0,14.540000
327.0,14.540900
328.0,14.543100
329.0,14.542500
330.0,14.541800
331.0,14.543100
332.0,14.543900
333.0,14.545300
334.0,14.546100
335.0,14.547200
336.0,14.549600
337.0,14.549900
338.0,14.551400
339.0,14.552600
340.0,14.553500
341.0,14.554600
342.0,14.555400
343.0,14.556800
344.0,14.557500
345.0,14.558100
346.0,14.558700
347.0,14.559600
348.0,14.561500
349.0,14.562100
350.0,14.563300
351.0,14.565300
352.0,14.566500
353.0,14.567500
354.0,14.568600
355.0,14.569500
356.0,14.570800
357.0,14.571900
358.0,14.573000
359.0,14.573600
360.0,14.573800
361.0,14.575300
362.0,14.575800
363.0,14.577400
364.0,14.578600
365.0,14.580600
366.0,14.581000
367.0,14.582600
368.0,14.583300
369.0,14.583200
370.0,14.584500
371.0,14.586300
372.0,14.587500
373.0,14.588300
374.0,14.589700
375.0,14.591600
376.0,14.593000
377.0,14.593900
378.0,14.594300
379.0,14.595000
380.0,14.596400
381.0,14.598300
382.0,14.597700
383.0,14.599500
384.0,14.600100
385.0,14.600700
386.0,14.601700
387.0,14.602200
388.0,14.603100
389.0,14.604000
390.0,14.604300
391.0,14.605500
392.0,14.606400
393.0,14.607600
394.0,14.607800
395.0,14.608800
396.0,14.609600
397.0,14.610400
398.0,14.611300
399.0,14.612800
400.0,14.613800
401.0,14.614400
402.0,14.614600
403.0,14.615500
404.0,14.616500
405.0,14.617000
406.0,14.617100
407.0,14.617700
408.0,14.618400
409.0,14.618800
410.0,14.619600
411.0,14.620000
412.0,14.620900
413.0,14.622200
414.0,14.623400
415.0,14.624400
416.0,14.625000
417.0,14.625500
418.0,14.627000
419.0,14.627000
420.0,14.627800
421.0,14.628800
422.0,14.629100
423.0,14.629800
424.0,14.630800
425.0,14.631300
426.0,14.631600
427.0,14.632900
428.0,14.634000
429.0,14.635300
430.0,14.635200
431.0,14.636100
432.0,14.636900
433.0,14.637800
434.0,14.638300
435.0,14.638600
436.0,14.638600
437.0,14.638600
438.0,14.639200
439.0,14.639700
440.0,14.640500
441.0,14.641300
442.0,14.642400
443.0,14.643100
444.0,14.643600
445.0,14.645500
446.0,14.646400
447.0,14.646700
448.0,14.647200
449.0,14.647300
450.0,14.648800
451.0,14.649200
452.0,14.649900
453.0,14.650300
454.0,14.650900
455.0,14.651400
456.0,14.652000
457.0,14.653200
458.0,14.654200
459.0,14.654800
460.0,14.654800
461.0,14.656100
462.0,14.656900
463.0,14.657900
464.0,14.658500
465.0,14.659400
466.0,14.660000
467.0,14.660700
468.0,14.661300
469.0,14.661400
470.0,14.661300
471.0,14.661600
472.0,14.662500
473.0,14.662900
474.0,14.663100
475.0,14.664000
476.0,14.664500
477.0,14.665200
478.0,14.666400
479.0,14.666600
480.0,14.667000
481.0,14.667900
482.0,14.668500
483.0,14.668800
484.0,14.669800
485.0,14.670500
486.0,14.671200
487.0,14.671700
488.0,14.672400
489.0,14.673400
490.0,14.674600
491.0,14.675500
492.0,14.676100
493.0,14.676900
494.0,14.677800
495.0,14.678400
496.0,14.679100
497.0,14.678900
498.0,14.679100
499.0,14.680100
500.0,14.680900
501.0,14.681600
502.0,14.682400
503.0,14.683200
504.0,14.684100
505.0,14.684500
506.0,14.684600
507.0,14.685000
508.0,14.685200
509.0,14.685500
510.0,14.686600
511.0,14.687400
512.0,14.687900
513.0,14.688500
514.0,14.688800
515.0,14.689100
516.0,14.689800
517.0,14.690300
518.0,14.690000
519.0,14.691400
520.0,14.692300
521.0,14.693300
522.0,14.694400
523.0,14.694900
524.0,14.695400
525.0,14.695400
526.0,14.696300
527.0,14.696400
528.0,14.696700
529.0,14.697200
530.0,14.698000
531.0,14.698800
532.0,14.700000
533.0,14.700400
534.0,14.700800
535.0,14.701300
536.0,14.702100
537.0,14.702600
538.0,14.703000
539.0,14.703600
540.0,14.703900
541.0,14.703800
542.0,14.704500
543.0,14.704600
544.0,14.704700
545.0,14.704600
546.0,14.704900
547.0,14.705600
548.0,14.706100
549.0,14.706400
550.0,14.707100
551.0,14.707500
552.0,14.707400
553.0,14.707800
554.0,14.708100
555.0,14.709100
556.0,14.709000
557.0,14.710100
558.0,14.710500
559.0,14.710600
560.0,14.711200
561.0,14.711800
562.0,14.712000
563.0,14.712200
564.0,14.712600
565.0,14.712800
566.0,14.713100
567.0,14.712900
568.0,14.713800
569.0,14.714200
570.0,14.714900
571.0,14.715900
572.0,14.715800
573.0,14.716200
574.0,14.716600
575.0,14.716900
576.0,14.717300
577.0,14.717600
578.0,14.717600
579.0,14.717800
580.0,14.717700
581.0,14.718100
582.0,14.719000
583.0,14.719600
584.0,14.719700
585.0,14.720100
586.0,14.720700
587.0,14.720800
588.0,14.720800
589.0,14.721100
590.0,14.722400
591.0,14.722800
592.0,14.723500
593.0,14.723600
594.0,14.723900
595.0,14.724300
596.0,14.724400
597.0,14.725100
598.0,14.725700
599.0,14.725900
600.0,14.726700
601.0,14.726600
602.0,14.727200
603.0,14.727500
604.0,14.727800
605.0,14.728000
606.0,14.728500
607.0,14.728500
608.0,14.728500
609.0,14.728900
610.0,14.729000
611.0,14.729500
612.0,14.729800
613.0,14.729800
614.0,14.730200
615.0,14.730400
616.0,14.730900
617.0,14.731100
618.0,14.731400
619.0,14.732100
620.0,14.732500
621.0,14.733200
622.0,14.733800
623.0,14.733400
624.0,14.733500
625.0,14.734000
626.0,14.734300
627.0,14.734500
628.0,14.735000
629.0,14.735700
630.0,14.735500
631.0,14.736000
632.0,14.736300
633.0,14.736500
634.0,14.736900
635.0,14.737600
636.0,14.737600
637.0,14.737900
638.0,14.738300
639.0,14.738900
640.0,14.739500
641.0,14.739600
642.0,14.740000
643.0,14.740500
644.0,14.740600
645.0,14.741500
646.0,14.741600
647.0,14.742200
648.0,14.742600
649.0,14.743200
650.0,14.743700
651.0,14.743800
652.0,14.743700
653.0,14.743700
654.0,14.744100
655.0,14.744700
656.0,14.744600
657.0,14.744700
658.0,14.745400
659.0,14.746600
660.0,14.747300
661.0,14.747200
662.0,14.747700
663.0,14.747700
664.0,14.748600
665.0,14.748800
666.0,14.749300
667.0,14.750000
668.0,14.750600
669.0,14.751300
670.0,14.751600
671.0,14.751800
672.0,14.752300
673.0,14.752300
674.0,14.752800
675.0,14.752700
676.0,14.752800
677.0,14.753000
678.0,14.753000
679.0,14.753600
680.0,14.753900
681.0,14.754300
682.0,14.754900
683.0,14.755900
684.0,14.755700
685.0,14.755700
686.0,14.756400
687.0,14.756600
688.0,14.756700
689.0,14.757300
690.0,14.757300
691.0,14.758000
692.0,14.758300
693.0,14.758400
694.0,14.758500
695.0,14.758600
696.0,14.758400
697.0,14.759000
698.0,14.759200
699.0,14.759100
700.0,14.759600
701.0,14.759600
702.0,14.759600
703.0,14.760100
704.0,14.759900
705.0,14.759800
706.0,14.760200
707.0,14.759900
708.0,14.760600
709.0,14.760700
710.0,14.760600
711.0,14.760500
712.0,14.760300
713.0,14.760200
714.0,14.759900
715.0,14.760300
716.0,14.760000
717.0,14.760200
718.0,14.760600
719.0,14.761000
720.0,14.761400
721.0,14.761100
722.0,14.761300
723.0,14.761600
724.0,14.762000
725.0,14.762400
726.0,14.762900
727.0,14.763100
728.0,14.763600
729.0,14.763800
730.0,14.764000
731.0,14.764300
732.0,14.764400
733.0,14.764400
734.0,14.764600
735.0,14.765100
736.0,14.764900
737.0,14.765000
738.0,14.765700
739.0,14.765500
740.0,14.765500
741.0,14.766300
742.0,14.766300
743.0,14.766900
744.0,14.767300
745.0,14.767400
746.0,14.767700
747.0,14.768000
748.0,14.768600
749.0,14.768500
750.0,14.768600
751.0,14.768700
752.0,14.768800
753.0,14.769000
754.0,14.769200
755.0,14.769400
756.0,14.769500
757.0,14.769800
758.0,14.770500
759.0,14.771000
760.0,14.770800
761.0,14.771100
762.0,14.771000
763.0,14.771000
764.0,14.770800
765.0,14.771000
766.0,14.771300
767.0,14.771700
768.0,14.772000
769.0,14.772000
770.0,14.772300
771.0,14.772500
772.0,14.772300
773.0,14.772200
774.0,14.772500
775.0,14.772600
776.0,14.772600
777.0,14.772800
778.0,14.773500
779.0,14.773200
780.0,14.773600
781.0,14.774100
782.0,14.774400
783.0,14.775000
784.0,14.775500
785.0,14.775600
786.0,14.775900
787.0,14.776100
788.0,14.776300
789.0,14.776400
790.0,14.776900
791.0,14.777300
792.0,14.777500
793.0,14.777900
794.0,14.778100
795.0,14.778400
796.0,14.778500
797.0,14.778600
798.0,14.778300
799.0,14.778000
800.0,14.778200
801.0,14.778400
802.0,14.778700
803.0,14.778900
804.0,14.779100
805.0,14.779000
806.0,14.779100
807.0,14.779400
808.0,14.779100
809.0,14.779400
810.0,14.779800
811.0,14.779900
812.0,14.780000
813.0,14.780500
814.0,14.780400
815.0,14.780600
816.0,14.780600
817.0,14.780900
818.0,14.781400
819.0,14.781600
820.0,14.781800
821.0,14.781900
822.0,14.781900
823.0,14.782400
824.0,14.782700
825.0,14.782800
826.0,14.783200
827.0,14.783900
828.0,14.783800
829.0,14.784100
830.0,14.784300
831.0,14.784800
832.0,14.785100
833.0,14.785700
834.0,14.785900
835.0,14.786200
836.0,14.786100
837.0,14.786200
838.0,14.786700
839.0,14.786600
840.0,14.786200
841.0,14.786500
842.0,14.786400
843.0,14.786900
844.0,14.787000
845.0,14.787100
846.0,14.787200
847.0,14.787200
848.0,14.787100
849.0,14.787500
850.0,14.787500
851.0,14.787400
852.0,14.787600
853.0,14.787900
854.0,14.788000
855.0,14.788500
856.0,14.788400
857.0,14.788900
858.0,14.789100
859.0,14.789500
860.0,14.789500
861.0,14.789500
862.0,14.789800
863.0,14.790400
864.0,14.790800
865.0,14.791100
866.0,14.791100
867.0,14.791400
868.0,14.791500
869.0,14.791500
870.0,14.791600
871.0,14.792000
872.0,14.792200
873.0,14.792700
874.0,14.793100
875.0,14.793400
876.0,14.793600
877.0,14.793300
878.0,14.793400
879.0,14.793600
880.0,14.793800
881.0,14.793900
882.0,14.793900
883.0,14.794200
884.0,14.794500
885.0,14.794800
886.0,14.794800
887.0,14.795200
888.0,14.795100
889.0,14.795100
890.0,14.795200
891.0,14.795600
892.0,14.795500
893.0,14.796000
894.0,14.796500
895.0,14.796500
896.0,14.796900
897.0,14.797400
898.0,14.797800
899.0,14.797500
900.0,14.797600
901.0,14.797600
902.0,14.797900
903.0,14.798200
904.0,14.798400
905.0,14.798400
906.0,14.798800
907.0,14.799100
908.0,14.799100
909.0,14.799200
910.0,14.799800
911.0,14.800200
912.0,14.800800
913.0,14.800900
914.0,14.801300
915.0,14.801400
916.0,14.801400
917.0,14.801800
918.0,14.801700
919.0,14.801800
920.0,14.801700
921.0,14.802000
922.0,14.802300
923.0,14.802600
924.0,14.802700
925.0,14.802600
926.0,14.802900
927.0,14.802700
928.0,14.803000
929.0,14.803300
930.0,14.803100
931.0,14.803300
932.0,14.803400
933.0,14.803600
934.0,14.804000
935.0,14.804200
936.0,14.804100
937.0,14.804200
938.0,14.804700
939.0,14.804800
940.0,14.804700
941.0,14.804800
942.0,14.804900
943.0,14.805100
944.0,14.805100
945.0,14.805400
946.0,14.805400
947.0,14.805400
948.0,14.805800
949.0,14.806000
950.0,14.806000
951.0,14.806100
952.0,14.806400
953.0,14.806600
954.0,14.806800
955.0,14.807000
956.0,14.807200
957.0,14.807200
958.0,14.807500
959.0,14.807400
960.0,14.807500
961.0,14.807500
962.0,14.807700
963.0,14.808100
964.0,14.808700
965.0,14.808500
966.0,14.808900
967.0,14.809300
968.0,14.809400
969.0,14.809400
970.0,14.809700
971.0,14.809600
972.0,14.809700
973.0,14.809800
974.0,14.810100
975.0,14.810400
976.0,14.810100
977.0,14.810600
978.0,14.810800
979.0,14.811200
980.0,14.811400
981.0,14.811200
982.0,14.811000
983.0,14.811300
984.0,14.811400
985.0,14.811700
986.0,14.811500
987.0,14.811800
988.0,14.812000
989.0,14.812200
990.0,14.812200
991.0,14.812300
992.0,14.812300
993.0,14.812400
994.0,14.812800
995.0,14.812800
996.0,14.812700
997.0,14.812700
998.0,14.813100
999.0,14.813700
1000.0,14.813800
1001.0,14.814200
1002.0,14.814300
1003.0,14.814500
1004.0,14.814600
1005.0,14.814700
1006.0,14.815300
1007.0,14.815400
1008.0,14.815600
1009.0,14.815700
1010.0,14.815800
1011.0,14.815800
1012.0,14.816100
1013.0,14.816400
1014.0,14.816600
1015.0,14.816800
1016.0,14.817100
1017.0,14.817300
1018.0,14.817700
1019.0,14.817800
1020.0,14.817600
1021.0,14.818000
1022.0,14.818500
1023.0,14.818600
1024.0,14.818900
1025.0,14.818900
1026.0,14.818900
1027.0,14.819100
1028.0,14.819300
1029.0,14.819500
1030.0,14.820000
1031.0,14.820000
1032.0,14.820300
1033.0,14.820600
1034.0,14.820700
1035.0,14.820800
1036.0,14.820600
1037.0,14.821100
1038.0,14.821200
1039.0,14.821200
1040.0,14.821100
1041.0,14.821200
1042.0,14.821300
1043.0,14.821700
1044.0,14.822200
1045.0,14.822300
1046.0,14.822300
1047.0,14.822600
1048.0,14.822700
1049.0,14.822800
1050.0,14.822900
1051.0,14.823600
1052.0,14.824000
1053.0,14.823900
1054.0,14.823600
1055.0,14.823600
1056.0,14.823600
1057.0,14.823900
1058.0,14.824200
1059.0,14.824600
1060.0,14.824700
1061.0,14.824700
1062.0,14.824900
1063.0,14.825200
1064.0,14.825200
1065.0,14.825500
1066.0,14.825700
1067.0,14.826000
1068.0,14.826200
1069.0,14.826400
1070.0,14.826600
1071.0,14.826800
1072.0,14.826800
1073.0,14.826900
1074.0,14.826700
1075.0,14.826700
1076.0,14.826800
1077.0,14.826900
1078.0,14.826700
1079.0,14.827100
1080.0,14.827100
1081.0,14.827000
1082.0,14.827100
1083.0,14.827500
1084.0,14.827600
1085.0,14.828000
1086.0,14.828600
1087.0,14.828700
1088.0,14.828900
1089.0,14.829000
1090.0,14.829000
1091.0,14.829300
1092.0,14.829800
1093.0,14.829700
1094.0,14.829900
1095.0,14.829900
1096.0,14.830300
1097.0,14.830100
1098.0,14.830200
1099.0,14.830300
1100.0,14.830400
1101.0,14.830400
1102.0,14.830600
1103.0,14.830800
1104.0,14.831200
1105.0,14.831200
1106.0,14.831400
1107.0,14.831700
1108.0,14.831600
1109.0,14.831700
1110.0,14.831900
1111.0,14.831800
1112.0,14.832000
1113.0,14.832000
1114.0,14.832500
1115.0,14.832900
1116.0,14.833000
1117.0,14.833200
1118.0,14.833300
1119.0,14.833800
1120.0,14.833800
1121.0,14.833700
1122.0,14.833800
1123.0,14.834200
1124.0,14.834600
1125.0,14.834500
1126.0,14.834700
1127.0,14.834600
1128.0,14.834900
1129.0,14.835200
1130.0,14.835400
1131.0,14.835500
1132.0,14.835600
1133.0,14.835300
1134.0,14.835500
1135.0,14.835700
1136.0,14.836100
1137.0,14.836100
1138.0,14.836600
1139.0,14.836500
1140.0,14.836700
1141.0,14.836700
1142.0,14.836700
1143.0,14.836600
1144.0,14.836500
1145.0,14.836500
1146.0,14.836700
1147.0,14.837000
1148.0,14.837200
1149.0,14.837500
1150.0,14.837700
1151.0,14.837900
1152.0,14.838100
1153.0,14.838400
1154.0,14.838500
1155.0,14.839000
1156.0,14.838700
1157.0,14.839200
1158.0,14.839200
1159.0,14.839100
1160.0,14.839300
1161.0,14.839200
1162.0,14.839100
1163.0,14.839300
1164.0,14.839500
1165.0,14.840000
1166.0,14.840100
1167.0,14.840300
1168.0,14.840500
1169.0,14.840500
1170.0,14.840600
1171.0,14.840700
1172.0,14.840800
1173.0,14.841000
1174.0,14.841400
1175.0,14.841300
1176.0,14.841700
1177.0,14.842000
1178.0,14.842200
1179.0,14.842600
1180.0,14.842600
1181.0,14.843000
1182.0,14.843200
1183.0,14.843200
1184.0,14.843500
1185.0,14.843900
1186.0,14.843900
1187.0,14.843900
1188.0,14.844100
1189.0,14.844300
1190.0,14.844400
1191.0,14.844300
1192.0,14.844500
1193.0,14.844800
1194.0,14.844900
1195.0,14.845100
1196.0,14.845400
1197.0,14.845600
1198.0,14.845700
1199.0,14.845900
1200.0,14.846000
1201.0,14.846200
1202.0,14.846200
1203.0,14.846100
1204.0,14.846200
1205.0,14.846500
1206.0,14.846700
1207.0,14.846900
1208.0,14.847100
1209.0,14.847100
1210.0,14.847400
1211.0,14.847400
1212.0,14.847300
1213.0,14.847400
1214.0,14.847500
1215.0,14.847700
1216.0,14.847700
1217.0,14.847800
1218.0,14.847600
1219.0,14.847300
1220.0,14.847400
1221.0,14.847400
1222.0,14.847500
1223.0,14.847400
1224.0,14.847700
1225.0,14.848100
1226.0,14.848200
1227.0,14.848600
1228.0,14.848700
1229.0,14.848700
1230.0,14.848700
1231.0,14.848900
1232.0,14.848600
1233.0,14.848700
1234.0,14.848700
1235.0,14.848800
1236.0,14.848900
1237.0,14.848900
1238.0,14.849100
1239.0,14.849300
1240.0,14.849300
1241.0,14.849400
1242.0,14.849800
1243.0,14.849600
1244.0,14.849800
1245.0,14.849900
1246.0,14.849900
1247.0,14.849900
1248.0,14.850100
1249.0,14.849900
1250.0,14.850200
1251.0,14.850200
1252.0,14.850600
1253.0,14.850600
1254.0,14.850400
1255.0,14.850500
1256.0,14.850800
1257.0,14.851000
1258.0,14.851100
1259.0,14.851200
1260.0,14.851200
1261.0,14.851300
1262.0,14.851500
1263.0,14.851700
1264.0,14.851700
1265.0,14.851800
1266.0,14.851800
1267.0,14.852000
1268.0,14.852100
1269.0,14.852300
1270.0,14.852400
1271.0,14.852500
1272.0,14.852700
1273.0,14.852800
1274.0,14.852900
1275.0,14.853100
1276.0,14.853400
1277.0,14.853300
1278.0,14.853400
1279.0,14.853700
1280.0,14.853600
1281.0,14.853700
1282.0,14.853600
1283.0,14.853900
1284.0,14.854100
1285.0,14.854100
1286.0,14.854000
1287.0,14.854300
1288.0,14.854300
1289.0,14.854400
1290.0,14.854600
1291.0,14.854700
1292.0,14.854800
1293.0,14.854700
1294.0,14.855000
1295.0,14.855300
1296.0,14.855300
1297.0,14.855500
1298.0,14.855900
1299.0,14.855900
1300.0,14.855900
1301.0,14.855800
1302.0,14.855900
1303.0,14.856300
1304.0,14.856600
1305.0,14.856800
1306.0,14.856800
1307.0,14.856600
1308.0,14.856700
1309.0,14.856300
1310.0,14.856400
1311.0,14.856400
1312.0,14.856300
1313.0,14.856300
1314.0,14.856600
1315.0,14.857000
1316.0,14.857400
1317.0,14.857700
1318.0,14.857700
1319.0,14.858000
1320.0,14.858300
1321.0,14.858400
1322.0,14.858800
1323.0,14.858600
1324.0,14.858500
1325.0,14.858600
1326.0,14.858800
1327.0,14.859000
1328.0,14.859000
1329.0,14.859100
1330.0,14.859400
1331.0,14.859400
1332.0,14.859600
1333.0,14.859800
1334.0,14.859700
1335.0,14.859500
1336.0,14.859800
1337.0,14.859900
1338.0,14.860300
1339.0,14.860100
1340.0,14.860400
1341.0,14.860600
1342.0,14.860600
1343.0,14.860900
1344.0,14.861100
1345.0,14.861000
1346.0,14.860900
1347.0,14.860800
1348.0,14.861100
1349.0,14.861200
1350.0,14.861400
1351.0,14.861500
1352.0,14.861500
1353.0,14.861600
1354.0,14.861600
1355.0,14.861700
1356.0,14.861700
1357.0,14.861800
1358.0,14.861700
1359.0,14.861900
1360.0,14.861800
1361.0,14.861700
1362.0,14.861500
1363.0,14.861600
1364.0,14.861800
1365.0,14.862000
1366.0,14.862100
1367.0,14.862300
1368.0,14.862300
1369.0,14.862600
1370.0,14.862700
1371.0,14.862900
1372.0,14.862900
1373.0,14.863000
1374.0,14.863200
1375.0,14.863400
1376.0,14.863200
1377.0,14.863200
1378.0,14.863400
1379.0,14.863400
1380.0,14.863400
1381.0,14.863400
1382.0,14.863600
1383.0,14.863700
1384.0,14.863900
1385.0,14.864000
1386.0,14.864200
1387.0,14.863800
1388.0,14.863800
1389.0,14.863800
1390.0,14.863900
1391.0,14.863900
1392.0,14.864000
1393.0,14.864300
1394.0,14.864300
1395.0,14.864600
1396.0,14.864600
1397.0,14.864700
1398.0,14.865000
1399.0,14.865000
1400.0,14.865200
1401.0,14.865100
1402.0,14.865300
1403.0,14.865600
1404.0,14.865700
1405.0,14.865900
1406.0,14.865800
1407.0,14.866000
1408.0,14.865800
1409.0,14.865900
1410.0,14.865800
1411.0,14.865800
1412.0,14.865900
1413.0,14.866000
1414.0,14.866200
1415.0,14.866100
1416.0,14.866100
1417.0,14.866100
1418.0,14.866200
1419.0,14.866600
1420.0,14.866700
1421.0,14.866800
1422.0,14.867000
1423.0,14.867200
1424.0,14.867100
1425.0,14.867300
1426.0,14.867500
1427.0,14.867600
1428.0,14.867900
1429.0,14.868100
1430.0,14.868000
1431.0,14.868300
1432.0,14.868400
1433.0,14.868300
1434.0,14.868100
1435.0,14.868100
1436.0,14.868300
1437.0,14.868400
1438.0,14.868600
1439.0,14.868500
1440.0,14.868400
1441.0,14.868400
1442.0,14.868700
1443.0,14.868800
1444.0,14.868900
1445.0,14.869100
1446.0,14.869400
1447.0,14.869500
1448.0,14.869500
1449.0,14.869600
1450.0,14.869600
1451.0,14.869700
1452.0,14.870000
1453.0,14.870100
1454.0,14.870300
1455.0,14.870100
1456.0,14.870500
1457.0,14.870600
1458.0,14.870500
1459.0,14.870600
1460.0,14.870500
1461.0,14.870600
1462.0,14.870800
1463.0,14.871000
1464.0,14.871100
1465.0,14.871100
1466.0,14.870900
1467.0,14.871200
1468.0,14.871300
1469.0,14.871300
1470.0,14.871300
1471.0,14.871300
1472.0,14.871500
1473.0,14.871500
1474.0,14.871600
1475.0,14.871600
1476.0,14.871800
1477.0,14.871900
1478.0,14.872000
1479.0,14.872200
1480.0,14.872400
1481.0,14.872300
1482.0,14.872300
1483.0,14.872300
1484.0,14.872400
1485.0,14.872400
1486.0,14.872200
1487.0,14.872200
1488.0,14.872100
1489.0,14.872100
1490.0,14.872300
1491.0,14.872300
1492.0,14.872400
1493.0,14.872400
1494.0,14.872400
1495.0,14.872500
1496.0,14.872500
1497.0,14.872400
1498.0,14.872200
1499.0,14.872400
1500.0,14.872400
1501.0,14.872400
1502.0,14.872500
1503.0,14.872400
1504.0,14.872600
1505.0,14.872800
1506.0,14.872800
1507.0,14.872800
1508.0,14.872900
1509.0,14.872900
1510.0,14.872900
1511.0,14.872900
1512.0,14.873100
1513.0,14.873400
1514.0,14.873400
1515.0,14.873700
1516.0,14.873800
1517.0,14.873800
1518.0,14.873900
1519.0,14.874200
1520.0,14.874100
1521.0,14.874200
1522.0,14.874400
1523.0,14.874600
1524.0,14.874800
1525.0,14.874800
1526.0,14.875000
1527.0,14.875200
1528.0,14.875200
1529.0,14.875200
1530.0,14.875200
1531.0,14.875300
1532.0,14.875300
1533.0,14.875400
1534.0,14.875400
1535.0,14.875500
1536.0,14.875700
1537.0,14.876000
1538.0,14.876100
1539.0,14.876200
1540.0,14.876300
1541.0,14.876300
1542.0,14.876200
1543.0,14.876700
1544.0,14.876700
1545.0,14.876900
1546.0,14.876700
1547.0,14.876900
1548.0,14.877000
1549.0,14.876800
1550.0,14.876800
1551.0,14.876900
1552.0,14.877000
1553.0,14.877100
1554.0,14.877200
1555.0,14.877500
1556.0,14.877500
1557.0,14.877600
1558.0,14.877600
1559.0,14.877700
1560.0,14.877800
1561.0,14.877700
1562.0,14.878000
1563.0,14.878200
1564.0,14.878300
1565.0,14.878400
1566.0,14.878500
1567.0,14.878500
1568.0,14.878400
1569.0,14.878500
1570.0,14.878600
1571.0,14.878700
1572.0,14.878800
1573.0,14.878700
1574.0,14.878800
1575.0,14.878800
1576.0,14.878800
1577.0,14.879000
1578.0,14.879100
1579.0,14.879100
1580.0,14.879200
1581.0,14.879300
1582.0,14.879400
1583.0,14.879300
1584.0,14.879500
1585.0,14.879700
1586.0,14.879900
1587.0,14.879900
1588.0,14.880000
1589.0,14.880100
1590.0,14.880200
1591.0,14.879800
1592.0,14.879700
1593.0,14.879800
1594.0,14.879900
1595.0,14.879900
1596.0,14.880000
1597.0,14.880000
1598.0,14.880000
1599.0,14.880000
1600.0,14.880000
1601.0,14.880100
1602.0,14.880200
1603.0,14.880500
1604.0,14.880700
1605.0,14.880800
1606.0,14.881100
1607.0,14.881000
1608.0,14.881100
1609.0,14.881100
1610.0,14.881100
1611.0,14.881400
1612.0,14.881500
1613.0,14.881500
1614.0,14.881600
1615.0,14.881800
1616.0,14.881700
1617.0,14.881700
1618.0,14.881700
1619.0,14.881800
1620.0,14.882100
1621.0,14.882200
1622.0,14.882200
1623.0,14.882500
1624.0,14.882700
1625.0,14.882700
1626.0,14.882600
1627.0,14.882900
1628.0,14.882800
1629.0,14.882600
1630.0,14.882600
1631.0,14.882800
1632.0,14.882800
1633.0,14.883100
1634.0,14.883200
1635.0,14.883300
1636.0,14.883300
1637.0,14.883500
1638.0,14.883600
1639.0,14.883600
1640.0,14.883600
1641.0,14.883900
1642.0,14.883900
1643.0,14.884100
1644.0,14.884200
1645.0,14.884200
1646.0,14.884400
1647.0,14.884600
1648.0,14.884600
1649.0,14.884600
1650.0,14.884700
1651.0,14.884800
1652.0,14.884800
1653.0,14.885000
1654.0,14.885200
1655.0,14.885200
1656.0,14.885400
1657.0,14.885400
1658.0,14.885600
1659.0,14.885800
1660.0,14.885800
1661.0,14.885800
1662.0,14.886100
1663.0,14.886100
1664.0,14.886100
1665.0,14.886300
1666.0,14.886400
1667.0,14.886600
1668.0,14.886500
1669.0,14.886700
1670.0,14.886900
1671.0,14.887000
1672.0,14.887000
1673.0,14.887300
1674.0,14.887200
1675.0,14.886900
1676.0,14.887400
1677.0,14.887700
1678.0,14.887900
1679.0,14.887800
1680.0,14.888000
1681.0,14.888000
1682.0,14.888000
1683.0,14.888100
1684.0,14.888100
1685.0,14.888100
1686.0,14.888100
1687.0,14.888000
1688.0,14.887900
1689.0,14.887800
1690.0,14.887700
1691.0,14.887500
1692.0,14.887700
1693.0,14.887800
1694.0,14.887900
1695.0,14.887700
1696.0,14.887700
1697.0,14.887700
1698.0,14.887700
1699.0,14.888100
1700.0,14.888100
1701.0,14.888200
1702.0,14.888200
1703.0,14.888300
1704.0,14.888500
1705.0,14.888700
1706.0,14.888700
1707.0,14.888900
1708.0,14.889000
1709.0,14.888900
1710.0,14.889000
1711.0,14.889100
1712.0,14.889100
1713.0,14.889300
1714.0,14.889300
1715.0,14.889300
1716.0,14.889300
1717.0,14.889300
1718.0,14.889200
1719.0,14.889100
1720.0,14.889200
1721.0,14.889400
1722.0,14.889500
1723.0,14.889500
1724.0,14.889500
1725.0,14.889600
1726.0,14.889600
1727.0,14.889600
1728.0,14.889700
1729.0,14.889800
1730.0,14.889900
1731.0,14.890100
1732.0,14.890000
1733.0,14.890000
1734.0,14.890100
1735.0,14.890100
1736.0,14.890100
1737.0,14.890200
1738.0,14.890200
1739.0,14.890300
1740.0,14.890400
1741.0,14.890500
1742.0,14.890500
1743.0,14.890600
1744.0,14.890400
1745.0,14.890700
1746.0,14.890700
1747.0,14.890800
1748.0,14.890800
1749.0,14.890700
1750.0,14.890800
1751.0,14.890800
1752.0,14.891000
1753.0,14.891200
1754.0,14.891300
1755.0,14.891300
1756.0,14.891400
1757.0,14.891300
1758.0,14.891500
1759.0,14.891500
1760.0,14.891500
1761.0,14.891500
1762.0,14.891600
1763.0,14.891700
1764.0,14.891800
1765.0,14.892000
1766.0,14.892000
1767.0,14.891900
1768.0,14.891800
1769.0,14.891900
1770.0,14.891900
1771.0,14.891900
1772.0,14.891800
1773.0,14.891900
1774.0,14.892000
1775.0,14.892000
1776.0,14.891900
1777.0,14.891900
1778.0,14.892000
1779.0,14.891800
1780.0,14.892200
1781.0,14.892200
1782.0,14.892400
1783.0,14.892700
1784.0,14.892800
1785.0,14.892900
1786.0,14.892900
1787.0,14.892800
1788.0,14.893100
1789.0,14.893200
1790.0,14.893200
1791.0,14.893200
1792.0,14.893400
1793.0,14.893400
1794.0,14.893400
1795.0,14.893300
1796.0,14.893200
1797.0,14.893200
1798.0,14.893300
1799.0,14.893200
1800.0,14.893300
1801.0,14.893400
1802.0,14.893700
1803.0,14.893700
1804.0,14.893800
1805.0,14.893900
1806.0,14.893900
1807.0,14.894100
1808.0,14.893900
1809.0,14.894000
1810.0,14.894200
1811.0,14.894300
1812.0,14.894400
1813.0,14.894200
1814.0,14.894200
1815.0,14.894100
1816.0,14.894100
1817.0,14.894300
1818.0,14.894200
1819.0,14.894200
1820.0,14.894100
1821.0,14.894300
1822.0,14.894300
1823.0,14.894500
1824.0,14.894600
1825.0,14.894700
1826.0,14.894600
1827.0,14.894700
1828.0,14.894900
1829.0,14.895000
1830.0,14.895000
1831.0,14.895000
1832.0,14.895200
1833.0,14.895300
1834.0,14.895300
1835.0,14.895300
1836.0,14.895500
1837.0,14.895600
1838.0,14.895600
1839.0,14.895800
1840.0,14.895900
1841.0,14.896000
1842.0,14.896100
1843.0,14.896100
1844.0,14.896100
1845.0,14.896300
1846.0,14.896100
1847.0,14.896100
1848.0,14.896200
1849.0,14.896200
1850.0,14.896200
1851.0,14.896300
1852.0,14.896400
1853.0,14.896500
1854.0,14.896600
1855.0,14.896500
1856.0,14.896500
1857.0,14.896500
1858.0,14.896700
1859.0,14.897000
1860.0,14.897000
1861.0,14.896900
1862.0,14.896900
1863.0,14.897000
1864.0,14.897100
1865.0,14.897200
1866.0,14.897200
1867.0,14.897200
1868.0,14.897300
1869.0,14.897300
1870.0,14.897400
1871.0,14.897400
1872.0,14.897500
1873.0,14.897400
1874.0,14.897600
1875.0,14.897600
1876.0,14.897700
1877.0,14.897800
1878.0,14.898000
1879.0,14.898000
1880.0,14.898000
1881.0,14.898000
1882.0,14.898100
1883.0,14.898400
1884.0,14.898400
1885.0,14.898400
1886.0,14.898300
1887.0,14.898300
1888.0,14.898400
1889.0,14.898400
1890.0,14.898600
1891.0,14.898800
1892.0,14.898800
1893.0,14.898800
1894.0,14.898900
1895.0,14.899100
1896.0,14.899000
1897.0,14.899000
1898.0,14.899100
1899.0,14.899300
1900.0,14.899200
1901.0,14.899200
1902.0,14.899100
1903.0,14.899200
1904.0,14.899200
1905.0,14.899200
1906.0,14.899400
1907.0,14.899300
1908.0,14.899400
1909.0,14.899400
1910.0,14.899700
1911.0,14.899700
1912.0,14.899800
1913.0,14.899800
1914.0,14.899900
1915.0,14.900100
1916.0,14.900000
1917.0,14.900000
1918.0,14.900200
1919.0,14.900000
1920.0,14.900000
1921.0,14.900100
1922.0,14.900300
1923.0,14.900200
1924.0,14.900100
1925.0,14.900100
1926.0,14.900200
1927.0,14.900200
1928.0,14.900400
1929.0,14.900400
1930.0,14.900400
1931.0,14.900300
1932.0,14.900400
1933.0,14.900600
1934.0,14.900500
1935.0,14.900600
1936.0,14.900500
1937.0,14.900600
1938.0,14.900600
1939.0,14.900600
1940.0,14.900700
1941.0,14.900600
1942.0,14.900600
1943.0,14.900700
1944.0,14.900700
1945.0,14.900800
1946.0,14.900900
1947.0,14.901100
1948.0,14.901200
1949.0,14.901000
1950.0,14.901000
1951.0,14.901200
1952.0,14.901200
1953.0,14.901400
1954.0,14.901400
1955.0,14.901300
1956.0,14.901400
1957.0,14.901200
1958.0,14.901300
1959.0,14.901100
1960.0,14.901200
1961.0,14.901200
1962.0,14.901200
1963.0,14.901300
1964.0,14.901500
1965.0,14.901500
1966.0,14.901500
1967.0,14.901700
1968.0,14.901700
1969.0,14.901600
1970.0,14.901600
1971.0,14.901700
1972.0,14.901800
1973.0,14.901700
1974.0,14.901600
1975.0,14.901700
1976.0,14.901600
1977.0,14.901800
1978.0,14.901900
1979.0,14.902000
1980.0,14.902000
1981.0,14.902000
1982.0,14.902100
1983.0,14.902100
1984.0,14.902300
1985.0,14.902300
1986.0,14.902400
1987.0,14.902500
1988.0,14.902600
1989.0,14.902500
1990.0,14.902400
1991.0,14.902400
1992.0,14.902500
1993.0,14.902500
1994.0,14.902600
1995.0,14.902500
1996.0,14.902600
1997.0,14.902400
1998.0,14.902300
1999.0,14.902300
2000.0,14.902300
2001.0,14.902100
2002.0,14.902100
2003.0,14.902200
2004.0,14.902300
2005.0,14.902400
2006.0,14.902400
2007.0,14.902500
2008.0,14.902600
2009.0,14.902700
2010.0,14.902800
2011.0,14.902800
2012.0,14.902800
2013.0,14.902800
2014.0,14.902800
2015.0,14.902700
2016.0,14.902900
2017.0,14.902700
2018.0,14.902500
2019.0,14.902600
2020.0,14.902700
2021.0,14.902500
2022.0,14.902500
2023.0,14.902500
2024.0,14.902500
2025.0,14.902800
2026.0,14.902800
2027.0,14.902900
2028.0,14.903000
2029.0,14.903100
2030.0,14.903200
2031.0,14.903200
2032.0,14.903000
2033.0,14.903300
2034.0,14.903300
2035.0,14.903200
2036.0,14.903200
2037.0,14.903400
2038.0,14.903500
2039.0,14.903600
2040.0,14.903700
2041.0,14.903700
2042.0,14.903700
2043.0,14.903900
2044.0,14.903800
2045.0,14.903800
2046.0,14.904000
2047.0,14.904200
2048.0,14.904200
2049.0,14.904300
2050.0,14.904300
2051.0,14.904300
2052.0,14.904400
2053.0,14.904500
2054.0,14.904600
2055.0,14.904600
2056.0,14.904700
2057.0,14.904700
2058.0,14.904600
2059.0,14.904600
2060.0,14.904700
2061.0,14.904700
2062.0,14.904700
2063.0,14.904800
2064.0,14.904800
2065.0,14.904900
2066.0,14.905000
2067.0,14.904900
2068.0,14.905000
2069.0,14.905000
2070.0,14.905100
2071.0,14.905200
2072.0,14.905200
2073.0,14.905200
2074.0,14.905300
2075.0,14.905400
2076.0,14.905400
2077.0,14.905300
2078.0,14.905400
2079.0,14.905200
2080.0,14.905200
2081.0,14.905300
2082.0,14.905300
2083.0,14.905200
2084.0,14.905400
2085.0,14.905400
2086.0,14.905300
2087.0,14.905200
2088.0,14.905300
2089.0,14.905400
2090.0,14.905500
2091.0,14.905500
2092.0,14.905500
2093.0,14.905600
2094.0,14.905500
2095.0,14.905300
2096.0,14.905400
2097.0,14.905500
2098.0,14.905600
2099.0,14.905600
2100.0,14.905500
2101.0,14.905500
2102.0,14.905600
2103.0,14.905700
2104.0,14.905800
2105.0,14.905800
2106.0,14.906000
2107.0,14.906000
2108.0,14.906100
2109.0,14.906100
2110.0,14.906300
2111.0,14.906300
2112.0,14.906300
2113.0,14.906400
2114.0,14.906500
2115.0,14.906600
2116.0,14.906700
2117.0,14.906800
2118.0,14.906800
2119.0,14.906800
2120.0,14.906800
2121.0,14.906900
2122.0,14.906800
2123.0,14.906700
2124.0,14.906500
2125.0,14.906600
2126.0,14.906600
2127.0,14.906600
2128.0,14.906800
2129.0,14.906700
2130.0,14.906800
2131.0,14.906900
2132.0,14.906800
2133.0,14.906900
2134.0,14.907000
2135.0,14.906800
2136.0,14.906700
2137.0,14.906600
2138.0,14.906700
2139.0,14.906800
2140.0,14.906800
2141.0,14.906600
2142.0,14.906700
2143.0,14.906700
2144.0,14.906700
2145.0,14.906700
2146.0,14.906700
2147.0,14.906900
2148.0,14.906900
2149.0,14.907000
2150.0,14.907200
2151.0,14.907200
2152.0,14.907200
2153.0,14.907200
2154.0,14.907100
2155.0,14.907200
2156.0,14.907300
2157.0,14.907300
2158.0,14.907200
2159.0,14.907200
2160.0,14.907200
2161.0,14.907200
2162.0,14.907100
2163.0,14.907100
2164.0,14.907300
2165.0,14.907500
2166.0,14.907600
2167.0,14.907600
2168.0,14.907600
2169.0,14.907700
2170.0,14.907700
2171.0,14.907700
2172.0,14.907800
2173.0,14.907900
2174.0,14.908100
2175.0,14.907900
2176.0,14.908000
2177.0,14.908000
2178.0,14.908000
2179.0,14.908000
2180.0,14.908000
2181.0,14.908000
2182.0,14.908100
2183.0,14.908200
2184.0,14.908300
2185.0,14.908400
2186.0,14.908500
2187.0,14.908500
2188.0,14.908500
2189.0,14.908500
2190.0,14.908600
2191.0,14.908700
2192.0,14.908700
2193.0,14.908800
2194.0,14.908800
2195.0,14.908800
2196.0,14.908800
2197.0,14.908900
2198.0,14.908900
2199.0,14.909000
2200.0,14.908900
2201.0,14.908900
2202.0,14.909100
2203.0,14.909000
2204.0,14.909100
2205.0,14.909300
2206.0,14.909300
2207.0,14.909400
2208.0,14.909400
2209.0,14.909700
2210.0,14.909700
2211.0,14.909800
2212.0,14.909900
2213.0,14.910000
2214.0,14.909900
2215.0,14.909900
2216.0,14.910000
2217.0,14.910000
2218.0,14.910100
2219.0,14.910100
2220.0,14.910100
2221.0,14.910100
2222.0,14.910200
2223.0,14.910300
2224.0,14.910200
2225.0,14.910300
2226.0,14.910200
2227.0,14.910300
2228.0,14.910400
2229.0,14.910300
2230.0,14.910500
2231.0,14.910400
2232.0,14.910600
2233.0,14.910500
2234.0,14.910500
2235.0,14.910500
2236.0,14.910700
2237.0,14.910700
2238.0,14.910700
2239.0,14.910600
2240.0,14.910600
2241.0,14.910500
2242.0,14.910500
2243.0,14.910600
2244.0,14.910800
2245.0,14.910800
2246.0,14.910900
2247.0,14.910900
2248.0,14.910900
2249.0,14.910900
2250.0,14.910900
2251.0,14.910800
2252.0,14.910900
2253.0,14.911000
2254.0,14.911200
2255.0,14.911200
2256.0,14.911100
2257.0,14.911200
2258.0,14.911100
2259.0,14.911300
2260.0,14.911300
2261.0,14.911300
2262.0,14.911300
2263.0,14.911300
2264.0,14.911300
2265.0,14.911400
2266.0,14.911500
2267.0,14.911500
2268.0,14.911600
2269.0,14.911500
2270.0,14.911500
2271.0,14.911500
2272.0,14.911500
2273.0,14.911500
2274.0,14.911600
2275.0,14.911700
2276.0,14.911800
2277.0,14.911800
2278.0,14.911800
2279.0,14.911900
2280.0,14.911900
2281.0,14.911900
2282.0,14.911800
2283.0,14.911900
2284.0,14.911800
2285.0,14.911900
2286.0,14.911900
2287.0,14.912000
2288.0,14.912000
2289.0,14.912000
2290.0,14.912000
2291.0,14.912100
2292.0,14.912200
2293.0,14.912300
2294.0,14.912300
2295.0,14.912200
2296.0,14.912300
2297.0,14.912400
2298.0,14.912500
2299.0,14.912600
2300.0,14.912600
2301.0,14.912800
2302.0,14.912800
2303.0,14.913000
2304.0,14.913100
2305.0,14.913000
2306.0,14.913000
2307.0,14.913000
2308.0,14.913100
2309.0,14.913200
2310.0,14.913300
2311.0,14.913300
2312.0,14.913400
2313.0,14.913400
2314.0,14.913400
2315.0,14.913500
2316.0,14.913500
2317.0,14.913600
2318.0,14.913600
2319.0,14.913600
2320.0,14.913700
2321.0,14.913900
2322.0,14.913900
2323.0,14.914000
2324.0,14.914100
2325.0,14.914200
2326.0,14.914200
2327.0,14.914400
2328.0,14.914600
2329.0,14.914700
2330.0,14.914700
2331.0,14.914800
2332.0,14.914800
2333.0,14.914800
2334.0,14.914900
2335.0,14.914900
2336.0,14.915000
2337.0,14.915000
2338.0,14.915000
2339.0,14.915000
2340.0,14.914900
2341.0,14.915100
2342.0,14.915000
2343.0,14.915200
2344.0,14.915300
2345.0,14.915400
2346.0,14.915500
2347.0,14.915500
2348.0,14.915500
2349.0,14.915600
2350.0,14.915500
2351.0,14.915600
2352.0,14.915700
2353.0,14.915500
2354.0,14.915500
2355.0,14.915400
2356.0,14.915500
2357.0,14.915600
2358.0,14.915600
2359.0,14.915600
2360.0,14.915700
2361.0,14.915800
2362.0,14.915800
2363.0,14.915900
2364.0,14.915900
2365.0,14.916000
2366.0,14.916000
2367.0,14.916200
2368.0,14.916200
2369.0,14.916400
2370.0,14.916400
2371.0,14.916300
2372.0,14.916300
2373.0,14.916300
2374.0,14.916300
2375.0,14.916300
2376.0,14.916300
2377.0,14.916300
2378.0,14.916300
2379.0,14.916400
2380.0,14.916300
2381.0,14.916400
2382.0,14.916500
2383.0,14.916500
2384.0,14.916500
2385.0,14.916600
2386.0,14.916500
2387.0,14.916600
2388.0,14.916500
2389.0,14.916500
2390.0,14.916500
2391.0,14.916500
2392.0,14.916600
2393.0,14.916600
2394.0,14.916600
2395.0,14.916500
2396.0,14.916600
2397.0,14.916700
2398.0,14.916700
2399.0,14.916900
2400.0,14.916900
2401.0,14.917000
2402.0,14.917000
2403.0,14.917100
2404.0,14.917100
2405.0,14.917200
2406.0,14.917200
2407.0,14.917200
2408.0,14.917200
2409.0,14.917300
2410.0,14.917300
2411.0,14.917300
2412.0,14.917300
2413.0,14.917300
2414.0,14.917500
2415.0,14.917500
2416.0,14.917500
2417.0,14.917400
2418.0,14.917400
2419.0,14.917500
2420.0,14.917500
2421.0,14.917600
2422.0,14.917500
2423.0,14.917500
2424.0,14.917600
2425.0,14.917700
2426.0,14.917900
2427.0,14.918000
2428.0,14.918100
2429.0,14.918100
2430.0,14.918100
2431.0,14.918300
2432.0,14.918300
2433.0,14.918300
2434.0,14.918400
2435.0,14.918400
2436.0,14.918500
2437.0,14.918600
2438.0,14.918600
2439.0,14.918600
2440.0,14.918400
2441.0,14.918400
2442.0,14.918500
2443.0,14.918500
2444.0,14.918600
2445.0,14.918400
2446.0,14.918400
2447.0,14.918500
2448.0,14.918500
2449.0,14.918500
2450.0,14.918500
2451.0,14.918700
2452.0,14.918700
2453.0,14.918800
2454.0,14.918800
2455.0,14.918900
2456.0,14.918900
2457.0,14.918900
2458.0,14.918900
2459.0,14.918900
2460.0,14.919000
2461.0,14.918900
2462.0,14.919000
2463.0,14.919000
2464.0,14.919100
2465.0,14.919100
2466.0,14.919200
2467.0,14.919200
2468.0,14.919200
2469.0,14.919300
2470.0,14.919300
2471.0,14.919400
2472.0,14.919500
2473.0,14.919600
2474.0,14.919700
2475.0,14.919700
2476.0,14.919700
2477.0,14.919800
2478.0,14.919800
2479.0,14.919700
2480.0,14.919900
2481.0,14.919900
2482.0,14.920000
2483.0,14.920000
2484.0,14.919900
2485.0,14.920000
2486.0,14.919900
2487.0,14.920000
2488.0,14.920000
2489.0,14.920100
2490.0,14.920000
2491.0,14.920000
2492.0,14.920000
2493.0,14.920100
2494.0,14.920200
2495.0,14.920200
2496.0,14.920200
2497.0,14.920100
2498.0,14.920200
2499.0,14.920200
2500.0,14.920300
2501.0,14.920200
2502.0,14.920200
2503.0,14.920200
2504.0,14.920300
2505.0,14.920200
2506.0,14.920400
2507.0,14.920500
2508.0,14.920600
2509.0,14.920600
2510.0,14.920500
2511.0,14.920500
2512.0,14.920800
2513.0,14.920800
2514.0,14.920800
2515.0,14.920900
2516.0,14.921000
2517.0,14.921100
2518.0,14.921100
2519.0,14.921200
2520.0,14.921200
2521.0,14.921300
2522.0,14.921300
2523.0,14.921400
2524.0,14.921500
2525.0,14.921600
2526.0,14.921600
2527.0,14.921700
2528.0,14.921800
2529.0,14.921800
2530.0,14.921900
2531.0,14.922000
2532.0,14.921900
2533.0,14.922000
2534.0,14.922000
2535.0,14.922100
2536.0,14.922100
2537.0,14.922100
2538.0,14.922200
2539.0,14.922400
2540.0,14.922300
2541.0,14.922400
2542.0,14.922300
2543.0,14.922300
2544.0,14.922300
2545.0,14.922400
2546.0,14.922400
2547.0,14.922400
2548.0,14.922500
2549.0,14.922400
2550.0,14.922500
2551.0,14.922600
2552.0,14.922800
2553.0,14.922700
2554.0,14.922900
2555.0,14.922900
2556.0,14.922900
2557.0,14.922900
2558.0,14.922800
2559.0,14.922900
2560.0,14.922900
2561.0,14.922900
2562.0,14.923000
2563.0,14.923000
2564.0,14.923100
2565.0,14.923000
2566.0,14.923000
2567.0,14.923100
2568.0,14.923300
2569.0,14.923300
2570.0,14.923200
2571.0,14.923500
2572.0,14.923500
2573.0,14.923400
2574.0,14.923400
2575.0,14.923500
2576.0,14.923500
2577.0,14.923500
2578.0,14.923500
2579.0,14.923600
2580.0,14.923700
2581.0,14.923600
2582.0,14.923600
2583.0,14.923700
2584.0,14.923600
2585.0,14.923700
2586.0,14.923600
2587.0,14.923800
2588.0,14.923700
2589.0,14.923600
2590.0,14.923600
2591.0,14.923600
2592.0,14.923700
2593.0,14.923700
2594.0,14.923800
2595.0,14.923800
2596.0,14.923800
2597.0,14.923900
2598.0,14.924000
2599.0,14.924000
2600.0,14.924100
2601.0,14.924000
2602.0,14.924000
2603.0,14.924100
2604.0,14.924300
2605.0,14.924300
2606.0,14.924400
2607.0,14.924400
2608.0,14.924500
2609.0,14.924500
2610.0,14.924500
2611.0,14.924500
2612.0,14.924600
2613.0,14.924600
2614.0,14.924700
2615.0,14.924700
2616.0,14.924700
2617.0,14.924700
2618.0,14.924800
2619.0,14.924800
2620.0,14.924800
2621.0,14.925000
2622.0,14.924900
2623.0,14.925100
2624.0,14.925100
2625.0,14.925200
2626.0,14.925200
2627.0,14.925200
2628.0,14.925200
2629.0,14.925300
2630.0,14.925300
2631.0,14.925400
2632.0,14.925600
2633.0,14.925500
2634.0,14.925600
2635.0,14.925700
2636.0,14.925600
2637.0,14.925600
2638.0,14.925500
2639.0,14.925500
2640.0,14.925600
2641.0,14.925600
2642.0,14.925500
2643.0,14.925500
2644.0,14.925500
2645.0,14.925600
2646.0,14.925600
2647.0,14.925700
2648.0,14.925700
2649.0,14.925700
2650.0,14.925700
2651.0,14.925900
2652.0,14.925900
2653.0,14.926000
2654.0,14.926000
2655.0,14.926100
2656.0,14.926100
2657.0,14.926200
2658.0,14.926100
2659.0,14.926100
2660.0,14.926000
2661.0,14.926000
2662.0,14.926100
2663.0,14.926100
2664.0,14.926100
2665.0,14.926000
2666.0,14.926100
2667.0,14.926100
2668.0,14.926100
2669.0,14.926100
2670.0,14.926200
2671.0,14.926200
2672.0,14.926200
2673.0,14.926100
2674.0,14.926000
2675.0,14.926100
2676.0,14.926100
2677.0,14.926100
2678.0,14.926200
2679.0,14.926300
2680.0,14.926300
2681.0,14.926300
2682.0,14.926500
2683.0,14.926500
2684.0,14.926500
2685.0,14.926600
2686.0,14.926600
2687.0,14.926700
2688.0,14.926700
2689.0,14.926500
2690.0,14.926500
2691.0,14.926500
2692.0,14.926500
2693.0,14.926700
2694.0,14.926700
2695.0,14.926600
2696.0,14.926600
2697.0,14.926700
2698.0,14.926800
2699.0,14.926900
2700.0,14.927000
2701.0,14.927000
2702.0,14.927000
2703.0,14.927000
2704.0,14.927000
2705.0,14.927200
2706.0,14.927200
2707.0,14.927300
2708.0,14.927300
2709.0,14.927300
2710.0,14.927400
2711.0,14.927300
2712.0,14.927300
2713.0,14.927500
2714.0,14.927600
2715.0,14.927500
2716.0,14.927600
2717.0,14.927700
2718.0,14.927900
2719.0,14.928000
2720.0,14.928000
2721.0,14.928100
2722.0,14.928100
2723.0,14.928200
2724.0,14.928200
2725.0,14.928200
2726.0,14.928200
2727.0,14.928200
2728.0,14.928300
2729.0,14.928200
2730.0,14.928200
2731.0,14.928300
2732.0,14.928300
2733.0,14.928400
2734.0,14.928400
2735.0,14.928300
2736.0,14.928400
2737.0,14.928300
2738.0,14.928400
2739.0,14.928300
2740.0,14.928300
2741.0,14.928200
2742.0,14.928300
2743.0,14.928400
2744.0,14.928300
2745.0,14.928400
2746.0,14.928300
2747.0,14.928400
2748.0,14.928300
2749.0,14.928300
2750.0,14.928200
2751.0,14.928100
2752.0,14.928000
2753.0,14.927900
2754.0,14.927900
2755.0,14.927900
2756.0,14.927800
2757.0,14.927900
2758.0,14.927900
2759.0,14.927800
2760.0,14.927800
2761.0,14.927800
2762.0,14.927900
2763.0,14.927900
2764.0,14.927900
2765.0,14.928100
2766.0,14.928200
2767.0,14.928200
2768.0,14.928100
2769.0,14.928100
2770.0,14.928100
2771.0,14.928100
2772.0,14.928100
2773.0,14.928200
2774.0,14.928300
2775.0,14.928300
2776.0,14.928400
2777.0,14.928400
2778.0,14.928300
2779.0,14.928200
2780.0,14.928100
2781.0,14.928300
2782.0,14.928300
2783.0,14.928300
2784.0,14.928200
2785.0,14.928200
2786.0,14.928100
2787.0,14.928100
2788.0,14.928100
2789.0,14.928200
2790.0,14.928200
2791.0,14.928300
2792.0,14.928300
2793.0,14.928200
2794.0,14.928100
2795.0,14.928200
2796.0,14.928200
2797.0,14.928200
2798.0,14.928300
2799.0,14.928300
2800.0,14.928200
2801.0,14.928100
2802.0,14.928100
2803.0,14.928100
2804.0,14.928200
2805.0,14.928200
2806.0,14.928200
2807.0,14.928200
2808.0,14.928300
2809.0,14.928400
2810.0,14.928400
2811.0,14.928300
2812.0,14.928300
2813.0,14.928300
2814.0,14.928300
2815.0,14.928400
2816.0,14.928400
2817.0,14.928400
2818.0,14.928500
2819.0,14.928400
2820.0,14.928500
2821.0,14.928500
2822.0,14.928500
2823.0,14.928600
2824.0,14.928600
2825.0,14.928700
2826.0,14.928700
2827.0,14.928700
2828.0,14.928700
2829.0,14.928600
2830.0,14.928700
2831.0,14.928700
2832.0,14.928700
2833.0,14.928700
2834.0,14.928700
2835.0,14.928700
2836.0,14.928900
2837.0,14.929000
2838.0,14.929000
2839.0,14.929000
2840.0,14.929100
2841.0,14.929100
2842.0,14.929100
2843.0,14.929000
2844.0,14.928900
2845.0,14.928900
2846.0,14.929000
2847.0,14.929000
2848.0,14.929100
2849.0,14.929100
2850.0,14.929100
2851.0,14.929200
2852.0,14.929200
2853.0,14.929200
2854.0,14.929300
2855.0,14.929400
2856.0,14.929300
2857.0,14.929200
2858.0,14.929100
2859.0,14.929100
2860.0,14.929200
2861.0,14.929200
2862.0,14.929300
2863.0,14.929200
2864.0,14.929200
2865.0,14.929200
2866.0,14.929200
2867.0,14.929200
2868.0,14.929000
2869.0,14.929000
2870.0,14.929100
2871.0,14.929200
2872.0,14.929200
2873.0,14.929100
2874.0,14.929300
2875.0,14.929400
2876.0,14.929400
2877.0,14.929500
2878.0,14.929400
2879.0,14.929500
2880.0,14.929500
2881.0,14.929500
2882.0,14.929400
2883.0,14.929500
2884.0,14.929600
2885.0,14.929500
2886.0,14.929500
2887.0,14.929600
2888.0,14.929800
2889.0,14.929800
2890.0,14.929700
2891.0,14.929700
2892.0,14.929700
2893.0,14.929600
2894.0,14.929600
2895.0,14.929600
2896.0,14.929600
2897.0,14.929500
2898.0,14.929600
2899.0,14.929500
2900.0,14.929500
2901.0,14.929500
2902.0,14.929500
2903.0,14.929500
2904.0,14.929400
2905.0,14.929500
2906.0,14.929500
2907.0,14.929400
2908.0,14.929300
2909.0,14.929400
2910.0,14.929500
2911.0,14.929600
2912.0,14.929700
2913.0,14.929700
2914.0,14.929700
2915.0,14.929800
2916.0,14.929800
2917.0,14.929800
2918.0,14.930000
2919.0,14.930100
2920.0,14.930100
2921.0,14.930200
2922.0,14.930200
2923.0,14.930100
2924.0,14.930200
2925.0,14.930100
2926.0,14.930200
2927.0,14.930100
2928.0,14.930000
2929.0,14.930200
2930.0,14.930200
2931.0,14.930200
2932.0,14.930300
2933.0,14.930500
2934.0,14.930400
2935.0,14.930400
2936.0,14.930300
2937.0,14.930400
2938.0,14.930300
2939.0,14.930200
2940.0,14.930200
2941.0,14.930100
2942.0,14.930100
2943.0,14.930000
2944.0,14.930000
2945.0,14.930000
2946.0,14.930100
2947.0,14.930200
2948.0,14.930300
2949.0,14.930300
2950.0,14.930300
2951.0,14.930300
2952.0,14.930300
2953.0,14.930400
2954.0,14.930500
2955.0,14.930600
2956.0,14.930600
2957.0,14.930600
2958.0,14.930600
2959.0,14.930600
2960.0,14.930500
2961.0,14.930600
2962.0,14.930700
2963.0,14.930600
2964.0,14.930600
2965.0,14.930600
2966.0,14.930600
2967.0,14.930700
2968.0,14.930700
2969.0,14.930700
2970.0,14.930600
2971.0,14.930700
2972.0,14.930600
2973.0,14.930700
2974.0,14.930700
2975.0,14.930700
2976.0,14.930800
2977.0,14.930700
2978.0,14.930800
2979.0,14.930800
2980.0,14.930800
2981.0,14.930800
2982.0,14.930900
2983.0,14.931000
2984.0,14.931100
2985.0,14.931200
2986.0,14.931300
2987.0,14.931300
2988.0,14.931300
2989.0,14.931400
2990.0,14.931400
2991.0,14.931500
2992.0,14.931500
2993.0,14.931700
2994.0,14.931700
2995.0,14.931600
2996.0,14.931600
2997.0,14.931600
2998.0,14.931700
2999.0,14.931800
3000.0,14.931800
